squad_no,player_name,short_name,position_group,age,matches_played_pm,starts_sm,complete_matches_cm,sub_appearances_am,bench_or_c_col,minutes,yellow_cards,red_cards,goals_raw_bdfutbol,model_role,league_goals_outfield,goals_against_gk_from_raw,goals_per_90,cards_per_90,preferred_foot_model_assumption,source
1,Alisson Becker,Alisson,GK,32,28,28,27,0,0,2509,0,0,-29,Goalkeeper,0,29.0,0.0,0.0,Right,BDFutbol public 2024-25 Liverpool Premier League squad table; footed/role fields are model assumptions
66,Trent Alexander-Arnold,Alexander-Arnold,DF,26,33,28,12,5,1,2376,5,0,3,Right back / deep creator,3,,0.11363636363636365,0.1893939393939394,Right,BDFutbol public 2024-25 Liverpool Premier League squad table; footed/role fields are model assumptions
26,Andy Robertson,Robertson,DF,30,33,29,16,4,5,2491,3,1,0,Left back,0,,0.0,0.18065034122842233,Left,BDFutbol public 2024-25 Liverpool Premier League squad table; footed/role fields are model assumptions
4,Virgil van Dijk,Van Dijk,DF,33,37,37,37,0,1,3330,5,0,3,Centre back / set-piece aerial threat,3,,0.08108108108108109,0.13513513513513514,Right,BDFutbol public 2024-25 Liverpool Premier League squad table; footed/role fields are model assumptions
5,Ibrahima Konaté,Konaté,DF,25,31,30,24,1,1,2566,5,0,1,Centre back,1,,0.03507404520654715,0.17537022603273578,Right,BDFutbol public 2024-25 Liverpool Premier League squad table; footed/role fields are model assumptions
38,Ryan Gravenberch,Gravenberch,MF,22,37,37,27,0,0,3169,6,1,0,Defensive/central midfielder,0,,0.0,0.2272010097822657,Right,BDFutbol public 2024-25 Liverpool Premier League squad table; footed/role fields are model assumptions
10,Alexis Mac Allister,Mac Allister,MF,26,35,30,17,5,0,2607,6,0,5,Central midfielder / penalty or set-piece option,5,,0.17261219792865362,0.20713463751438435,Right,BDFutbol public 2024-25 Liverpool Premier League squad table; footed/role fields are model assumptions
8,Dominik Szoboszlai,Szoboszlai,MF,24,36,29,17,7,0,2495,6,0,6,Attacking midfielder / long-shot and free-kick option,6,,0.21643286573146292,0.21643286573146292,Right,BDFutbol public 2024-25 Liverpool Premier League squad table; footed/role fields are model assumptions
11,Mohamed Salah,Salah,FW,32,38,38,29,0,0,3380,1,0,29,Right winger / elite finisher,29,,0.772189349112426,0.02662721893491124,Left,BDFutbol public 2024-25 Liverpool Premier League squad table; footed/role fields are model assumptions
7,Luis Díaz,Luis Díaz,FW,27,36,28,7,8,2,2413,2,0,13,Left winger / inside forward,13,,0.48487360132615004,0.07459593866556155,Right,BDFutbol public 2024-25 Liverpool Premier League squad table; footed/role fields are model assumptions
18,Cody Gakpo,Gakpo,FW,25,35,23,6,12,0,1938,5,0,10,Left forward / centre forward,10,,0.46439628482972134,0.23219814241486067,Right,BDFutbol public 2024-25 Liverpool Premier League squad table; footed/role fields are model assumptions
62,Caoimhín Kelleher,Kelleher,GK,26,10,10,10,0,27,900,0,0,-12,Goalkeeper,0,12.0,0.0,0.0,Right,BDFutbol public 2024-25 Liverpool Premier League squad table; footed/role fields are model assumptions
17,Curtis Jones,Jones,MF,23,33,19,6,14,1,1713,3,1,3,Central midfielder,3,,0.15761821366024517,0.2626970227670753,Right,BDFutbol public 2024-25 Liverpool Premier League squad table; footed/role fields are model assumptions
20,Diogo Jota,Jota,FW,28,26,14,2,12,3,1194,2,0,6,Centre forward / penalty-box finisher,6,,0.4522613065326633,0.1507537688442211,Right,BDFutbol public 2024-25 Liverpool Premier League squad table; footed/role fields are model assumptions
9,Darwin Núñez,Darwin Núñez,FW,25,30,8,2,22,5,1119,8,0,5,Centre forward / runner,5,,0.40214477211796246,0.6434316353887399,Right,BDFutbol public 2024-25 Liverpool Premier League squad table; footed/role fields are model assumptions
21,Kostas Tsimikas,Tsimikas,DF,28,18,9,4,9,16,834,2,0,0,Left back,0,,0.0,0.2158273381294964,Left,BDFutbol public 2024-25 Liverpool Premier League squad table; footed/role fields are model assumptions
56,Vítězslav Jaroš,Jaroš,GK,23,1,0,0,1,11,11,0,0,0,Goalkeeper,0,,0.0,0.0,Right,BDFutbol public 2024-25 Liverpool Premier League squad table; footed/role fields are model assumptions
84,Conor Bradley,Bradley,DF,21,19,7,1,12,6,750,4,0,0,Right back,0,,0.0,0.48,Right,BDFutbol public 2024-25 Liverpool Premier League squad table; footed/role fields are model assumptions
3,Wataru Endo,Endo,MF,31,20,1,0,19,17,261,0,0,0,Defensive midfielder,0,,0.0,0.0,Right,BDFutbol public 2024-25 Liverpool Premier League squad table; footed/role fields are model assumptions
19,Harvey Elliott,Elliott,MF,21,18,2,1,16,12,359,1,0,1,Attacking midfielder / right-sided creator,1,,0.25069637883008355,0.25069637883008355,Left,BDFutbol public 2024-25 Liverpool Premier League squad table; footed/role fields are model assumptions
78,Jarell Quansah,Quansah,DF,21,13,4,3,9,25,488,2,0,0,Centre back,0,,0.0,0.3688524590163934,Right,BDFutbol public 2024-25 Liverpool Premier League squad table; footed/role fields are model assumptions
2,Joe Gomez,Gomez,DF,27,9,6,4,3,10,518,1,0,0,Defender,0,,0.0,0.17374517374517376,Right,BDFutbol public 2024-25 Liverpool Premier League squad table; footed/role fields are model assumptions
14,Federico Chiesa,Chiesa,FW,27,6,1,0,5,13,104,0,0,0,Winger / forward,0,,0.0,0.0,Right,BDFutbol public 2024-25 Liverpool Premier League squad table; footed/role fields are model assumptions
80,Tyler Morton,Morton,MF,22,0,0,0,0,8,0,0,0,0,Midfielder,0,,0.0,0.0,Unknown,BDFutbol public 2024-25 Liverpool Premier League squad table; footed/role fields are model assumptions
76,Jayden Danns,Danns,FW,18,1,0,0,1,1,10,0,0,0,Forward,0,,0.0,0.0,Unknown,BDFutbol public 2024-25 Liverpool Premier League squad table; footed/role fields are model assumptions
53,James McConnell,McConnell,MF,20,0,0,0,0,4,0,0,0,0,Midfielder,0,,0.0,0.0,Unknown,BDFutbol public 2024-25 Liverpool Premier League squad table; footed/role fields are model assumptions
98,Trey Nyoni,Nyoni,MF,17,0,0,0,0,4,0,0,0,0,Midfielder,0,,0.0,0.0,Unknown,BDFutbol public 2024-25 Liverpool Premier League squad table; footed/role fields are model assumptions
95,Harvey Davies,Davies,GK,21,0,0,0,0,3,0,0,0,0,Goalkeeper,0,,0.0,0.0,Unknown,BDFutbol public 2024-25 Liverpool Premier League squad table; footed/role fields are model assumptions
65,Amara Nallo,Nallo,DF,18,0,0,0,0,1,0,0,0,0,Defender,0,,0.0,0.0,Unknown,BDFutbol public 2024-25 Liverpool Premier League squad table; footed/role fields are model assumptions
77,James Norris,Norris,DF,21,0,0,0,0,0,0,0,0,0,Defender,0,,0.0,0.0,Unknown,BDFutbol public 2024-25 Liverpool Premier League squad table; footed/role fields are model assumptions
52,Isaac Mabaya,Mabaya,DF,20,0,0,0,0,0,0,0,0,0,Defender,0,,0.0,0.0,Unknown,BDFutbol public 2024-25 Liverpool Premier League squad table; footed/role fields are model assumptions
68,Kieran Morrison,Morrison,MF,18,0,0,0,0,0,0,0,0,0,Midfielder,0,,0.0,0.0,Unknown,BDFutbol public 2024-25 Liverpool Premier League squad table; footed/role fields are model assumptions
51,Trent Kone-Doherty,Kone-Doherty,FW,18,0,0,0,0,0,0,0,0,0,Forward,0,,0.0,0.0,Unknown,BDFutbol public 2024-25 Liverpool Premier League squad table; footed/role fields are model assumptions
